{"cameraMode":{"drawMode":0,"name":"Shaded","section":"Shading Mode"},"sceneLighting":false,"audioPlay":false,"sceneViewState":{"m_AlwaysRefresh":false,"showFog":true,"showSkybox":false,"showFlares":true,"showImageEffects":true,"showParticleSystems":true,"showVisualEffectGraphs":true,"m_FxEnabled":true},"in2DMode":false,"pivot":{"x":-6.258487701416016e-7,"y":0.2892141342163086,"z":1.899999737739563},"rotation":{"x":-0.39827388525009158,"y":0.026941031217575074,"z":-0.011796444654464722,"w":-0.9168374538421631},"size":0.5173554420471191,"orthographic":false}