{"cameraMode":{"drawMode":0,"name":"Shaded","section":"Shading Mode"},"sceneLighting":true,"audioPlay":false,"sceneViewState":{"m_AlwaysRefresh":false,"showFog":true,"showSkybox":true,"showFlares":true,"showImageEffects":true,"showParticleSystems":true,"showVisualEffectGraphs":true,"m_FxEnabled":true},"in2DMode":false,"pivot":{"x":0.2551322281360626,"y":4.670799255371094,"z":-5.550751209259033},"rotation":{"x":-0.3525441586971283,"y":0.010385189205408097,"z":-0.003910611383616924,"w":-0.9357361197471619},"size":1.3447461128234864,"orthographic":false}