{"cameraMode":{"drawMode":0,"name":"Shaded","section":"Shading Mode"},"sceneLighting":false,"audioPlay":false,"sceneViewState":{"m_AlwaysRefresh":false,"showFog":true,"showSkybox":false,"showFlares":true,"showImageEffects":true,"showParticleSystems":true,"showVisualEffectGraphs":true,"m_FxEnabled":true},"in2DMode":false,"pivot":{"x":0.0014209747314453126,"y":0.26959583163261416,"z":1.8898234367370606},"rotation":{"x":-0.3899753987789154,"y":0.294714093208313,"z":-0.13340452313423158,"w":-0.8621751666069031},"size":0.9064365029335022,"orthographic":false}