{"cameraMode":{"drawMode":0,"name":"Shaded","section":"Shading Mode"},"sceneLighting":false,"audioPlay":false,"sceneViewState":{"m_AlwaysRefresh":false,"showFog":true,"showSkybox":false,"showFlares":true,"showImageEffects":true,"showParticleSystems":true,"showVisualEffectGraphs":true,"m_FxEnabled":true},"in2DMode":false,"pivot":{"x":2.1982250213623049,"y":0.8111624717712402,"z":0.021711111068725587},"rotation":{"x":-0.13773615658283235,"y":-0.8095951676368713,"z":0.20995348691940309,"w":-0.5306330919265747},"size":2.514005661010742,"orthographic":false}