{"cameraMode":{"drawMode":0,"name":"Shaded","section":"Shading Mode"},"sceneLighting":false,"audioPlay":false,"sceneViewState":{"m_AlwaysRefresh":false,"showFog":true,"showSkybox":false,"showFlares":true,"showImageEffects":true,"showParticleSystems":true,"showVisualEffectGraphs":true,"m_FxEnabled":true},"in2DMode":false,"pivot":{"x":0.020923327654600145,"y":1.069087028503418,"z":-0.2782317101955414},"rotation":{"x":-0.07565019279718399,"y":0.9145135879516602,"z":-0.34236449003219607,"w":-0.2020811140537262},"size":1.2405813932418824,"orthographic":false}