{"cameraMode":{"drawMode":0,"name":"Shaded","section":"Shading Mode"},"sceneLighting":false,"audioPlay":false,"sceneViewState":{"m_AlwaysRefresh":false,"showFog":true,"showSkybox":false,"showFlares":true,"showImageEffects":true,"showParticleSystems":true,"showVisualEffectGraphs":true,"m_FxEnabled":true},"in2DMode":false,"pivot":{"x":-0.00027526915073394775,"y":0.01645655743777752,"z":1.8697656393051148},"rotation":{"x":-0.4721580445766449,"y":0.0029098549857735636,"z":-0.001600526855327189,"w":-0.8815593123435974},"size":0.5318566560745239,"orthographic":false}